C006168|Lateral Acceleration Sensor Algorithm Based Failures Event information;
C006268|Longitudinal Acceleration Sensor Algorithm Based Failures Event information;
C006368|Yaw Rate Sensor Algorithm Based Failures Event information;
C006468|Roll Rate Sensor Algorithm Based Failures Event information;
C006568|Vertical Acceleration Sensor Algorithm Based Failures Event information;
C006A28|Multi-axis Acceleration Sensor General Signal Failures Signal bias level out of range / zero adjustment failure;
C006A54|Multi-axis Acceleration Sensor System Programming Failures Missing calibration;
C105B88|Passive Safety CAN Bus Signal / Message Failures Bus off;
C108211|Right Hood Hinge Rear Deployment Control General Electrical Failures Circuit short to ground;
C108212|Right Hood Hinge Rear Deployment Control General Electrical Failures Circuit short to battery;
C10821A|Right Hood Hinge Rear Deployment Control General Electrical Failures Circuit resistance below threshold;
C10821B|Right Hood Hinge Rear Deployment Control General Electrical Failures Circuit resistance above threshold;
C108264|Right Hood Hinge Rear Deployment Control Algorithm Based Failures Signal plausibility failure;
C108295|Right Hood Hinge Rear Deployment Control Component Failures Incorrect assembly;
C108411|Left Hood Hinge Rear Deployment Control General Electrical Failures Circuit short to ground;
C108412|Left Hood Hinge Rear Deployment Control General Electrical Failures Circuit short to battery;
C10841A|Left Hood Hinge Rear Deployment Control General Electrical Failures Circuit resistance below threshold;
C10841B|Left Hood Hinge Rear Deployment Control General Electrical Failures Circuit resistance above threshold;
C108464|Left Hood Hinge Rear Deployment Control Algorithm Based Failures Signal plausibility failure;
C108495|Left Hood Hinge Rear Deployment Control Component Failures Incorrect assembly;
C108F68|Supplementary Restrain System (SRS) Deployment Algorithm Based Failures Event information;
C10B668|Pitch Rate Sensor Algorithm Based Failures Event information;
C10B911|Front Inboard Left Side Airbag Deployment Control General Electrical Failures Circuit short to ground;
C10B912|Front Inboard Left Side Airbag Deployment Control General Electrical Failures Circuit short to battery;
C10B91A|Front Inboard Left Side Airbag Deployment Control General Electrical Failures Circuit resistance below threshold;
C10B91B|Front Inboard Left Side Airbag Deployment Control General Electrical Failures Circuit resistance above threshold;
C10B964|Front Inboard Left Side Airbag Deployment Control Algorithm Based Failures Signal plausibility failure;
C10B995|Front Inboard Left Side Airbag Deployment Control Component Failures Incorrect assembly;
C10BA11|Front Inboard Right Side Airbag Deployment Control General Electrical Failures Circuit short to ground;
C10BA12|Front Inboard Right Side Airbag Deployment Control General Electrical Failures Circuit short to battery;
C10BA1A|Front Inboard Right Side Airbag Deployment Control General Electrical Failures Circuit resistance below threshold;
C10BA1B|Front Inboard Right Side Airbag Deployment Control General Electrical Failures Circuit resistance above threshold;
C10BA64|Front Inboard Right Side Airbag Deployment Control Algorithm Based Failures Signal plausibility failure;
C10BA95|Front Inboard Right Side Airbag Deployment Control Component Failures Incorrect assembly;
C10C911|Driver Seat Track Height Position Restraints Sensor General Electrical Failures Circuit short to ground;
C10C912|Driver Seat Track Height Position Restraints Sensor General Electrical Failures Circuit short to battery;
C10C913|Driver Seat Track Height Position Restraints Sensor General Electrical Failures Circuit open;
C10C91D|Driver Seat Track Height Position Restraints Sensor General Electrical Failures Circuit current out of range;
C10C964|Driver Seat Track Height Position Restraints Sensor Algorithm Based Failures Signal plausibility failure;
C10C995|Driver Seat Track Height Position Restraints Sensor Component Failures Incorrect assembly;
C10CA11|Passenger Seat Track Height Position Restraints Sensor General Electrical Failures Circuit short to ground;
C10CA12|Passenger Seat Track Height Position Restraints Sensor General Electrical Failures Circuit short to battery;
C10CA13|Passenger Seat Track Height Position Restraints Sensor General Electrical Failures Circuit open;
C10CA1D|Passenger Seat Track Height Position Restraints Sensor General Electrical Failures Circuit current out of range;
C10CA64|Passenger Seat Track Height Position Restraints Sensor Algorithm Based Failures Signal plausibility failure;
C10CA95|Passenger Seat Track Height Position Restraints Sensor Component Failures Incorrect assembly;
C1A9929|Pressure Sensor General Signal Failures Signal signal invalid;
B000111|Driver Frontal Stage 1 Deployment Control  General Electrical Failures Circuit short to ground;
B000112|Driver Frontal Stage 1 Deployment Control General Electrical Failures Circuit short to battery;
B00011A|Driver Frontal Stage 1 Deployment Control General Electrical Failures Circuit resistance below threshold;
B00011B|Driver Frontal Stage 1 Deployment Control General Electrical Failures Circuit resistance above threshold;
B000164|Driver Frontal Stage 1 Deployment Control Algorithm Based Failures Signal plausibility failure;
B000195|Driver Frontal Stage 1 Deployment Control Component Failures Incorrect assembly;
B000211|Driver Frontal Stage 2 Deployment Control General Electrical Failures Circuit short to ground;
B000212|Driver Frontal Stage 2 Deployment Control General Electrical Failures Circuit short to battery;
B00021A|Driver Frontal Stage 2 Deployment Control General Electrical Failures Circuit resistance below threshold;
B00021B|Driver Frontal Stage 2 Deployment Control General Electrical Failures Circuit resistance above threshold;
B000264|Driver Frontal Stage 2 Deployment Control Algorithm Based Failures Signal plausibility failure;
B000295|Driver Frontal Stage 2 Deployment Control Component Failures Incorrect assembly;
B000311|Driver Frontal Stage 3 Deployment Control General Electrical Failures Circuit short to ground;
B000312|Driver Frontal Stage 3 Deployment Control General Electrical Failures Circuit short to battery;
B00031A|Driver Frontal Stage 3 Deployment Control General Electrical Failures Circuit resistance below threshold;
B00031B|Driver Frontal Stage 3 Deployment Control General Electrical Failures Circuit resistance above threshold;
B000364|Driver Frontal Stage 3 Deployment Control Algorithm Based Failures Signal plausibility failure;
B000395|Driver Frontal Stage 3 Deployment Control Component Failures Incorrect assembly;
B000411|Driver Knee Bolster Stage 1 Deployment Control General Electrical Failures Circuit short to ground;
B000412|Driver Knee Bolster Stage 1 Deployment Control General Electrical Failures Circuit short to battery;
B00041A|Driver Knee Bolster Stage 1 Deployment Control General Electrical Failures Circuit resistance below threshold;
B00041B|Driver Knee Bolster Stage 1 Deployment Control General Electrical Failures Circuit resistance above threshold;
B000464|Driver Knee Bolster Stage 1 Deployment Control Algorithm Based Failures Signal plausibility failure;
B000495|Driver Knee Bolster Stage 1 Deployment Control Component Failures Incorrect assembly;
B001011|Passenger Frontal Stage 1 Deployment Control General Electrical Failures Circuit short to ground;
B001012|Passenger Frontal Stage 1 Deployment Control General Electrical Failures Circuit short to battery;
B00101A|Passenger Frontal Stage 1 Deployment Control General Electrical Failures Circuit resistance below threshold;
B00101B|Passenger Frontal Stage 1 Deployment Control General Electrical Failures Circuit resistance above threshold;
B001064|Passenger Frontal Stage 1 Deployment Control Algorithm Based Failures Signal plausibility failure;
B001095|Passenger Frontal Stage 1 Deployment Control Component Failures Incorrect assembly;
B001111|Passenger Frontal Stage 2 Deployment Control General Electrical Failures Circuit short to ground;
B001112|Passenger Frontal Stage 2 Deployment Control General Electrical Failures Circuit short to battery;
B00111A|Passenger Frontal Stage 2 Deployment Control General Electrical Failures Circuit resistance below threshold;
B00111B|Passenger Frontal Stage 2 Deployment Control General Electrical Failures Circuit resistance above threshold;
B001164|Passenger Frontal Stage 2 Deployment Control Algorithm Based Failures Signal plausibility failure;
B001195|Passenger Frontal Stage 2 Deployment Control Component Failures Incorrect assembly;
B001211|Passenger Frontal Stage 3 Deployment Control General Electrical Failures Circuit short to ground;
B001212|Passenger Frontal Stage 3 Deployment Control General Electrical Failures Circuit short to battery;
B00121A|Passenger Frontal Stage 3 Deployment Control General Electrical Failures Circuit resistance below threshold;
B00121B|Passenger Frontal Stage 3 Deployment Control General Electrical Failures Circuit resistance above threshold;
B001264|Passenger Frontal Stage 3 Deployment Control Algorithm Based Failures Signal plausibility failure;
B001295|Passenger Frontal Stage 3 Deployment Control Component Failures Incorrect assembly;
B001311|Passenger Knee Bolster Deployment Control General Electrical Failures Circuit short to ground;
B001312|Passenger Knee Bolster Deployment Control General Electrical Failures Circuit short to battery;
B00131A|Passenger Knee Bolster Deployment Control General Electrical Failures Circuit resistance below threshold;
B00131B|Passenger Knee Bolster Deployment Control General Electrical Failures Circuit resistance above threshold;
B001364|Passenger Knee Bolster Deployment Control Algorithm Based Failures Signal plausibility failure;
B001395|Passenger Knee Bolster Deployment Control Component Failures Incorrect assembly;
B002011|Left Side Airbag Deployment Control General Electrical Failures Circuit short to ground;
B002012|Left Side Airbag Deployment Control General Electrical Failures Circuit short to battery;
B00201A|Left Side Airbag Deployment Control General Electrical Failures Circuit resistance below threshold;
B00201B|Left Side Airbag Deployment Control General Electrical Failures Circuit resistance above threshold;
B002064|Left Side Airbag Deployment Control Algorithm Based Failures Signal plausibility failure;
B002095|Left Side Airbag Deployment Control Component Failures Incorrect assembly;
B002111|Left Curtain Deployment Control 1 General Electrical Failures Circuit short to ground;
B002112|Left Curtain Deployment Control 1 General Electrical Failures Circuit short to battery;
B00211A|Left Curtain Deployment Control 1 General Electrical Failures Circuit resistance below threshold;
B00211B|Left Curtain Deployment Control 1 General Electrical Failures Circuit resistance above threshold;
B002164|Left Curtain Deployment Control 1 Algorithm Based Failures Signal plausibility failure;
B002195|Left Curtain Deployment Control 1 Component Failures Incorrect assembly;
B002211|Left Curtain Deployment Control 2 General Electrical Failures Circuit short to ground;
B002212|Left Curtain Deployment Control 2 General Electrical Failures Circuit short to battery;
B00221A|Left Curtain Deployment Control 2 General Electrical Failures Circuit resistance below threshold;
B00221B|Left Curtain Deployment Control 2 General Electrical Failures Circuit resistance above threshold;
B002264|Left Curtain Deployment Control 2 Algorithm Based Failures Signal plausibility failure;
B002295|Left Curtain Deployment Control 2 Component Failures Incorrect assembly;
B002811|Right Side Airbag Deployment Control General Electrical Failures Circuit short to ground;
B002812|Right Side Airbag Deployment Control General Electrical Failures Circuit short to battery;
B00281A|Right Side Airbag Deployment Control General Electrical Failures Circuit resistance below threshold;
B00281B|Right Side Airbag Deployment Control General Electrical Failures Circuit resistance above threshold;
B002864|Right Side Airbag Deployment Control Algorithm Based Failures Signal plausibility failure;
B002895|Right Side Airbag Deployment Control Component Failures Incorrect assembly;
B002911|Right Curtain Deployment Control 1 General Electrical Failures Circuit short to ground;
B002912|Right Curtain Deployment Control 1 General Electrical Failures Circuit short to battery;
B00291A|Right Curtain Deployment Control 1 General Electrical Failures Circuit resistance below threshold;
B00291B|Right Curtain Deployment Control 1 General Electrical Failures Circuit resistance above threshold;
B002964|Right Curtain Deployment Control 1 Algorithm Based Failures Signal plausibility failure;
B002995|Right Curtain Deployment Control 1 Component Failures Incorrect assembly;
B002A11|Right Curtain Deployment Control 2 General Electrical Failures Circuit short to ground;
B002A12|Right Curtain Deployment Control 2 General Electrical Failures Circuit short to battery;
B002A1A|Right Curtain Deployment Control 2 General Electrical Failures Circuit resistance below threshold;
B002A1B|Right Curtain Deployment Control 2 General Electrical Failures Circuit resistance above threshold;
B002A64|Right Curtain Deployment Control 2 Algorithm Based Failures Signal plausibility failure;
B002A95|Right Curtain Deployment Control 2 Component Failures Incorrect assembly;
B005011|Driver Seatbelt Sensor General Electrical Failures Circuit short to ground;
B005012|Driver Seatbelt Sensor General Electrical Failures Circuit short to battery;
B005013|Driver Seatbelt Sensor General Electrical Failures Circuit open;
B00501D|Driver Seatbelt Sensor General Electrical Failures Circuit current out of range;
B005064|Driver Seatbelt Sensor Algorithm Based Failures Signal plausibility failure;
B005095|Driver Seatbelt Sensor Component Failures Incorrect assembly;
B005211|Passenger Seatbelt Sensor General Electrical Failures Circuit short to ground;
B005212|Passenger Seatbelt Sensor General Electrical Failures Circuit short to battery;
B005213|Passenger Seatbelt Sensor General Electrical Failures Circuit open;
B00521D|Passenger Seatbelt Sensor General Electrical Failures Circuit current out of range;
B005264|Passenger Seatbelt Sensor Algorithm Based Failures Signal plausibility failure;
B005295|Passenger Seatbelt Sensor Component Failures Incorrect assembly;
B005311|Second Row Left Seatbelt Sensor General Electrical Failures Circuit short to ground;
B005312|Second Row Left Seatbelt Sensor General Electrical Failures Circuit short to battery;
B005313|Second Row Left Seatbelt Sensor General Electrical Failures Circuit open;
B00531D|Second Row Left Seatbelt Sensor General Electrical Failures Circuit current out of range;
B005364|Second Row Left Seatbelt Sensor Algorithm Based Failures Signal plausibility failure;
B005395|Second Row Left Seatbelt Sensor Component Failures Incorrect assembly;
B005411|Second Row Center Seatbelt Sensor General Electrical Failures Circuit short to ground;
B005412|Second Row Center Seatbelt Sensor General Electrical Failures Circuit short to battery;
B005413|Second Row Center Seatbelt Sensor General Electrical Failures Circuit open;
B00541D|Second Row Center Seatbelt Sensor General Electrical Failures Circuit current out of range;
B005464|Second Row Center Seatbelt Sensor Algorithm Based Failures Signal plausibility failure;
B005495|Second Row Center Seatbelt Sensor Component Failures Incorrect assembly;
B005511|Second Row Right Seatbelt Sensor General Electrical Failures Circuit short to ground;
B005512|Second Row Right Seatbelt Sensor General Electrical Failures Circuit short to battery;
B005513|Second Row Right Seatbelt Sensor General Electrical Failures Circuit open;
B00551D|Second Row Right Seatbelt Sensor General Electrical Failures Circuit current out of range;
B005564|Second Row Right Seatbelt Sensor Algorithm Based Failures Signal plausibility failure;
B005595|Second Row Right Seatbelt Sensor Component Failures Incorrect assembly;
B005611|Third Row Left Seatbelt Sensor General Electrical Failures Circuit short to ground;
B005612|Third Row Left Seatbelt Sensor General Electrical Failures Circuit short to battery;
B005613|Third Row Left Seatbelt Sensor General Electrical Failures Circuit open;
B00561D|Third Row Left Seatbelt Sensor General Electrical Failures Circuit current out of range;
B005664|Third Row Left Seatbelt Sensor Algorithm Based Failures Signal plausibility failure;
B005695|Third Row Left Seatbelt Sensor Component Failures Incorrect assembly;
B005811|Third Row Right Seatbelt Sensor General Electrical Failures Circuit short to ground;
B005812|Third Row Right Seatbelt Sensor General Electrical Failures Circuit short to battery;
B005813|Third Row Right Seatbelt Sensor General Electrical Failures Circuit open;
B00581D|Third Row Right Seatbelt Sensor General Electrical Failures Circuit current out of range;
B005864|Third Row Right Seatbelt Sensor Algorithm Based Failures Signal plausibility failure;
B005895|Third Row Right Seatbelt Sensor Component Failures Incorrect assembly;
"B007011|Driver Seatbelt Pretensioner ""A"" Deployment Control General Electrical Failures Circuit short to ground;"
"B007012|Driver Seatbelt Pretensioner ""A"" Deployment Control General Electrical Failures Circuit short to battery;"
"B00701A|Driver Seatbelt Pretensioner ""A"" Deployment Control General Electrical Failures Circuit resistance below threshold;"
"B00701B|Driver Seatbelt Pretensioner ""A"" Deployment Control General Electrical Failures Circuit resistance above threshold;"
"B007064|Driver Seatbelt Pretensioner ""A"" Deployment Control Algorithm Based Failures Signal plausibility failure;"
"B007095|Driver Seatbelt Pretensioner ""A"" Deployment Control Component Failures Incorrect assembly;"
"B007211|Passenger Seatbelt Pretensioner ""A"" Deployment Control General Electrical Failures Circuit short to ground;"
"B007212|Passenger Seatbelt Pretensioner ""A"" Deployment Control General Electrical Failures Circuit short to battery;"
"B00721A|Passenger Seatbelt Pretensioner ""A"" Deployment Control General Electrical Failures Circuit resistance below threshold;"
"B00721B|Passenger Seatbelt Pretensioner ""A"" Deployment Control General Electrical Failures Circuit resistance above threshold;"
"B007264|Passenger Seatbelt Pretensioner ""A"" Deployment Control Algorithm Based Failures Signal plausibility failure;"
"B007295|Passenger Seatbelt Pretensioner ""A"" Deployment Control Component Failures Incorrect assembly;"
B007311|Second Row Left Seatbelt Pretensioner Deployment Control General Electrical Failures Circuit short to ground;
B007312|Second Row Left Seatbelt Pretensioner Deployment Control General Electrical Failures Circuit short to battery;
B00731A|Second Row Left Seatbelt Pretensioner Deployment Control General Electrical Failures Circuit resistance below threshold;
B00731B|Second Row Left Seatbelt Pretensioner Deployment Control General Electrical Failures Circuit resistance above threshold;
B007364|Second Row Left Seatbelt Pretensioner Deployment Control Algorithm Based Failures Signal plausibility failure;
B007395|Second Row Left Seatbelt Pretensioner Deployment Control Component Failures Incorrect assembly;
B007411|Second Row Center Seatbelt Pretensioner Deployment Control General Electrical Failures Circuit short to ground;
B007412|Second Row Center Seatbelt Pretensioner Deployment Control General Electrical Failures Circuit short to battery;
B00741A|Second Row Center Seatbelt Pretensioner Deployment Control General Electrical Failures Circuit resistance below threshold;
B00741B|Second Row Center Seatbelt Pretensioner Deployment Control General Electrical Failures Circuit resistance above threshold;
B007464|Second Row Center Seatbelt Pretensioner Deployment Control Algorithm Based Failures Signal plausibility failure;
B007495|Second Row Center Seatbelt Pretensioner Deployment Control Component Failures Incorrect assembly;
B007511|Second Row Right Seatbelt Pretensioner Deployment Control General Electrical Failures Circuit short to ground;
B007512|Second Row Right Seatbelt Pretensioner Deployment Control General Electrical Failures Circuit short to battery;
B00751A|Second Row Right Seatbelt Pretensioner Deployment Control General Electrical Failures Circuit resistance below threshold;
B00751B|Second Row Right Seatbelt Pretensioner Deployment Control General Electrical Failures Circuit resistance above threshold;
B007564|Second Row Right Seatbelt Pretensioner Deployment Control Algorithm Based Failures Signal plausibility failure;
B007595|Second Row Right Seatbelt Pretensioner Deployment Control Component Failures Incorrect assembly;
"B007911|Driver Seatbelt Pretensioner ""B"" Deployment Control General Electrical Failures Circuit short to ground;"
"B007912|Driver Seatbelt Pretensioner ""B"" Deployment Control General Electrical Failures Circuit short to battery;"
"B00791A|Driver Seatbelt Pretensioner ""B"" Deployment Control General Electrical Failures Circuit resistance below threshold;"
"B00791B|Driver Seatbelt Pretensioner ""B"" Deployment Control General Electrical Failures Circuit resistance above threshold;"
"B007964|Driver Seatbelt Pretensioner ""B"" Deployment Control Algorithm Based Failures Signal plausibility failure;"
"B007995|Driver Seatbelt Pretensioner ""B"" Deployment Control Component Failures Incorrect assembly;"
"B007A11|Passenger Seatbelt Pretensioner ""B"" Deployment Control General Electrical Failures Circuit short to ground;"
"B007A12|Passenger Seatbelt Pretensioner ""B"" Deployment Control General Electrical Failures Circuit short to battery;"
"B007A1A|Passenger Seatbelt Pretensioner ""B"" Deployment Control General Electrical Failures Circuit resistance below threshold;"
"B007A1B|Passenger Seatbelt Pretensioner ""B"" Deployment Control General Electrical Failures Circuit resistance above threshold;"
"B007A64|Passenger Seatbelt Pretensioner ""B"" Deployment Control Algorithm Based Failures Signal plausibility failure;"
"B007A95|Passenger Seatbelt Pretensioner ""B"" Deployment Control Component Failures Incorrect assembly;"
B008011|Driver Seatbelt Load Limiter Deployment Control General Electrical Failures Circuit short to ground;
B008012|Driver Seatbelt Load Limiter Deployment Control General Electrical Failures Circuit short to battery;
B00801A|Driver Seatbelt Load Limiter Deployment Control General Electrical Failures Circuit resistance below threshold;
B00801B|Driver Seatbelt Load Limiter Deployment Control General Electrical Failures Circuit resistance above threshold;
B008064|Driver Seatbelt Load Limiter Deployment Control Algorithm Based Failures Signal plausibility failure;
B008095|Driver Seatbelt Load Limiter Deployment Control Component Failures Incorrect assembly;
B008211|Passenger Seatbelt Load Limiter Deployment Control General Electrical Failures Circuit short to ground;
B008212|Passenger Seatbelt Load Limiter Deployment Control General Electrical Failures Circuit short to battery;
B00821A|Passenger Seatbelt Load Limiter Deployment Control General Electrical Failures Circuit resistance below threshold;
B00821B|Passenger Seatbelt Load Limiter Deployment Control General Electrical Failures Circuit resistance above threshold;
B008264|Passenger Seatbelt Load Limiter Deployment Control Algorithm Based Failures Signal plausibility failure;
B008295|Passenger Seatbelt Load Limiter Deployment Control Component Failures Incorrect assembly;
B009011|Left Frontal Restraints Sensor  General Electrical Failures Circuit short to ground;
B009012|Left Frontal Restraints Sensor  General Electrical Failures Circuit short to battery;
B009013|Left Frontal Restraints Sensor  General Electrical Failures Circuit open;
B009064|Left Frontal Restraints Sensor  Algorithm Based Failures Signal plausibility failure;
B009081|Left Frontal Restraints Sensor  Bus Signal / Message Failures Invalid serial data received;
B009095|Left Frontal Restraints Sensor Component Failures Incorrect assembly;
B009096|Left Frontal Restraints Sensor  Component Failures Component internal failure;
B009211|Left Side Restraints Sensor 2 General Electrical Failures Circuit short to ground;
B009212|Left Side Restraints Sensor 2 General Electrical Failures Circuit short to battery;
B009213|Left Side Restraints Sensor 2 General Electrical Failures Circuit open;
B009264|Left Side Restraints Sensor 2 Algorithm Based Failures Signal plausibility failure;
B009281|Left Side Restraints Sensor 2 Bus Signal / Message Failures Invalid serial data received;
B009295|Left Side Restraints Sensor 2 Component Failures Incorrect assembly;
B009296|Left Side Restraints Sensor 2 Component Failures Component internal failure;
B009311|Left Side Restraints Sensor 3 General Electrical Failures Circuit short to ground;
B009312|Left Side Restraints Sensor 3 General Electrical Failures Circuit short to battery;
B009313|Left Side Restraints Sensor 3 General Electrical Failures Circuit open;
B009364|Left Side Restraints Sensor 3 Algorithm Based Failures Signal plausibility failure;
B009381|Left Side Restraints Sensor 3 Bus Signal / Message Failures Invalid serial data received;
B009395|Left Side Restraints Sensor 3 Component Failures Incorrect assembly;
B009396|Left Side Restraints Sensor 3 Component Failures Component internal failure;
B009464|Center Frontal Restraints Sensor Algorithm Based Failures Signal plausibility failure;
B009511|Right Frontal Restraints Sensor  General Electrical Failures Circuit short to ground;
B009512|Right Frontal Restraints Sensor  General Electrical Failures Circuit short to battery;
B009513|Right Frontal Restraints Sensor  General Electrical Failures Circuit open;
B009564|Right Frontal Restraints Sensor  Algorithm Based Failures Signal plausibility failure;
B009581|Right Frontal Restraints Sensor  Bus Signal / Message Failures Invalid serial data received;
B009595|Right Frontal Restraints Sensor Component Failures Incorrect assembly;
B009596|Right Frontal Restraints Sensor  Component Failures Component internal failure;
B009711|Right Side Restraints Sensor 2 General Electrical Failures Circuit short to ground;
B009712|Right Side Restraints Sensor 2 General Electrical Failures Circuit short to battery;
B009713|Right Side Restraints Sensor 2 General Electrical Failures Circuit open;
B009764|Right Side Restraints Sensor 2 Algorithm Based Failures Signal plausibility failure;
B009781|Right Side Restraints Sensor 2 Bus Signal / Message Failures Invalid serial data received;
B009795|Right Side Restraints Sensor 2 Component Failures Incorrect assembly;
B009796|Right Side Restraints Sensor 2 Component Failures Component internal failure;
B009811|Right Side Restraints Sensor 3 General Electrical Failures Circuit short to ground;
B009812|Right Side Restraints Sensor 3 General Electrical Failures Circuit short to battery;
B009813|Right Side Restraints Sensor 3 General Electrical Failures Circuit open;
B009864|Right Side Restraints Sensor 3 Algorithm Based Failures Signal plausibility failure;
B009881|Right Side Restraints Sensor 3 Bus Signal / Message Failures Invalid serial data received;
B009895|Right Side Restraints Sensor 3 Component Failures Incorrect assembly;
B009896|Right Side Restraints Sensor 3 Component Failures Component internal failure;
B00B511|Driver Seat Track Position Restraints Sensor General Electrical Failures Circuit short to ground;
B00B512|Driver Seat Track Position Restraints Sensor General Electrical Failures Circuit short to battery;
B00B513|Driver Seat Track Position Restraints Sensor General Electrical Failures Circuit open;
B00B51D|Driver Seat Track Position Restraints Sensor General Electrical Failures Circuit current out of range;
B00B564|Driver Seat Track Position Restraints Sensor Algorithm Based Failures Signal plausibility failure;
B00B595|Driver Seat Track Position Restraints Sensor Component Failures Incorrect assembly;
B00C511|Passenger Seat Track Position Restraints Sensor General Electrical Failures Circuit short to ground;
B00C512|Passenger Seat Track Position Restraints Sensor General Electrical Failures Circuit short to battery;
B00C513|Passenger Seat Track Position Restraints Sensor General Electrical Failures Circuit open;
B00C51D|Passenger Seat Track Position Restraints Sensor General Electrical Failures Circuit current out of range;
B00C564|Passenger Seat Track Position Restraints Sensor Algorithm Based Failures Signal plausibility failure;
B00C595|Passenger Seat Track Position Restraints Sensor Component Failures Incorrect assembly;
B00D568|Restraint System Passenger Disable Indicator Algorithm Based Failures Event information;
B00D582|Restraint System Passenger Disable Indicator Bus Signal / Message Failures Alive / sequence counter incorrect / not updated;
B00D583|Restraint System Passenger Disable Indicator Bus Signal / Message Failures Value of signal protection calculation incorrect;
B00DF1D|Passenger Restraints Disable Switch General Electrical Failures Circuit current out of range;
B00DF64|Passenger Restraints Disable Switch Algorithm Based Failures Signal plausibility failure;
B119343|Crash Event Storage Full and Locked System Internal Failures Special memory failure;
B11A011|Left side restraints pressure sensor General Electrical Failures Circuit short to ground;
B11A012|Left side restraints pressure sensor General Electrical Failures Circuit short to battery;
B11A013|Left side restraints pressure sensor General Electrical Failures Circuit open;
B11A064|Left side restraints pressure sensor Algorithm Based Failures Signal plausibility failure;
B11A081|Left side restraints pressure sensor Bus Signal / Message Failures Invalid serial data received;
B11A095|Left Side Restraints Pressure Sensor Component Failures Incorrect assembly;
B11A096|Left Side Restraints Pressure Sensor Component Failures Component internal failure;
B11A111|Right side restraints pressure sensor General Electrical Failures Circuit short to ground;
B11A112|Right side restraints pressure sensor General Electrical Failures Circuit short to battery;
B11A113|Right side restraints pressure sensor General Electrical Failures Circuit open;
B11A164|Right side restraints pressure sensor Algorithm Based Failures Signal plausibility failure;
B11A181|Right Side Restraints Pressure Sensor Bus Signal / Message Failures Invalid serial data received;
B11A195|Right Side Restraints Pressure Sensor Component Failures Incorrect assembly;
B11A196|Right Side Restraints Pressure Sensor Component Failures Component internal failure;
B142211|Pedestrian Protection Sensor #1 General Electrical Failures Circuit short to ground;
B142212|Pedestrian Protection Sensor #1 General Electrical Failures Circuit short to battery;
B142213|Pedestrian Protection Sensor #1 General Electrical Failures Circuit open;
B142264|Pedestrian Protection Sensor #1 Algorithm Based Failures Signal plausibility failure;
B142281|Pedestrian Protection Sensor #1 Bus Signal / Message Failures Invalid serial data received;
B142295|Pedestrian Protection Sensor #1 Component Failures Incorrect assembly;
B142296|Pedestrian Protection Sensor #1 Component Failures Component internal failure;
B142311|Pedestrian Protection Sensor #2 General Electrical Failures Circuit short to ground;
B142312|Pedestrian Protection Sensor #2 General Electrical Failures Circuit short to battery;
B142313|Pedestrian Protection Sensor #2 General Electrical Failures Circuit open;
B142364|Pedestrian Protection Sensor #2 Algorithm Based Failures Signal plausibility failure;
B142381|Pedestrian Protection Sensor #2 Bus Signal / Message Failures Invalid serial data received;
B142395|Pedestrian Protection Sensor #2 Component Failures Incorrect assembly;
B142396|Pedestrian Protection Sensor #2 Component Failures Component internal failure;
B153811|High voltage battery power supply disconnect deployment loop control General Electrical Failures Circuit short to ground;
B153812|High voltage battery power supply disconnect deployment loop control General Electrical Failures Circuit short to battery;
B15381A|High voltage battery power supply disconnect deployment loop control General Electrical Failures Circuit resistance below threshold;
B15381B|High voltage battery power supply disconnect deployment loop control General Electrical Failures Circuit resistance above threshold;
B153864|High voltage battery power supply disconnect deployment loop control Algorithm Based Failures Signal plausibility failure;
B153895|High voltage battery power supply disconnect deployment loop control Component Failures Incorrect assembly;
B154012|Front Passenger Seatbelt Reminder Sensor General Electrical Failures Circuit short to battery;
B154064|Front Passenger Seatbelt Reminder Sensor Algorithm Based Failures Signal plausibility failure;
B154211|Second Row Left Side Airbag Deployment Control General Electrical Failures Circuit short to ground;
B154212|Second Row Left Side Airbag Deployment Control General Electrical Failures Circuit short to battery;
B15421A|Second Row Left Side Airbag Deployment Control General Electrical Failures Circuit resistance below threshold;
B15421B|Second Row Left Side Airbag Deployment Control General Electrical Failures Circuit resistance above threshold;
B154264|Second Row Left Side Airbag Deployment Control Algorithm Based Failures Signal plausibility failure;
B154295|Second Row Left Side Airbag Deployment Control Component Failures Incorrect assembly;
B154311|Second Row Right Side Airbag Deployment Control General Electrical Failures Circuit short to ground;
B154312|Second Row Right Side Airbag Deployment Control General Electrical Failures Circuit short to battery;
B15431A|Second Row Right Side Airbag Deployment Control General Electrical Failures Circuit resistance below threshold;
B15431B|Second Row Right Side Airbag Deployment Control General Electrical Failures Circuit resistance above threshold;
B154364|Second Row Right Side Airbag Deployment Control Algorithm Based Failures Signal plausibility failure;
B154395|Second Row Right Side Airbag Deployment Control Component Failures Incorrect assembly;
B156911|Pedestrian Protection Pressure Tube Sensor Left General Electrical Failures Circuit short to ground;
B156912|Pedestrian Protection Pressure Tube Sensor Left General Electrical Failures Circuit short to battery;
B156913|Pedestrian Protection Pressure Tube Sensor Left General Electrical Failures Circuit open;
B156964|Pedestrian Protection Pressure Tube Sensor Left Algorithm Based Failures Signal plausibility failure;
B156981|Pedestrian Protection Pressure Tube Sensor Left Bus Signal / Message Failures Invalid serial data received;
B156995|Pedestrian Protection Pressure Tube Sensor Left Component Failures Incorrect assembly;
B156996|Pedestrian Protection Pressure Tube Sensor Left Component Failures Component internal failure;
B156A11|Pedestrian Protection Pressure Tube Sensor Right General Electrical Failures Circuit short to ground;
B156A12|Pedestrian Protection Pressure Tube Sensor Right General Electrical Failures Circuit short to battery;
B156A13|Pedestrian Protection Pressure Tube Sensor Right General Electrical Failures Circuit open;
B156A64|Pedestrian Protection Pressure Tube Sensor Right Algorithm Based Failures Signal plausibility failure;
B156A81|Pedestrian Protection Pressure Tube Sensor Right Bus Signal / Message Failures Invalid serial data received;
B156A95|Pedestrian Protection Pressure Tube Sensor Right Component Failures Incorrect assembly;
B156A96|Pedestrian Protection Pressure Tube Sensor Right Component Failures Component internal failure;
B15D912|Seat Belt Reminder Sensor Second Row Middle General Electrical Failures Circuit short to battery;
B15D964|Seat Belt Reminder Sensor Second Row Middle Algorithm Based Failures Signal plausibility failure;
B15DA12|Seat Belt Reminder Sensor Second Row Left General Electrical Failures Circuit short to battery;
B15DA64|Seat Belt Reminder Sensor Second Row Left Algorithm Based Failures Signal plausibility failure;
B15DB12|Seat Belt Reminder Sensor Second Row Right General Electrical Failures Circuit short to battery;
B15DB64|Seat Belt Reminder Sensor Second Row Right Algorithm Based Failures Signal plausibility failure;
B15DD16|Occupant Classification System General Electrical Failures Circuit voltage below threshold;
B15DD17|Occupant Classification System General Electrical Failures Circuit voltage above threshold;
B15DD49|Occupant Classification System System Internal Failures Internal electronic failure;
B15DD68|Occupant Classification System Algorithm Based Failures Event information;
B15DD83|Occupant Classification System Bus Signal / Message Failures Value of signal protection calculation incorrect;
B15DD95|Occupant Classification System Component Failures Incorrect assembly;
B15DD96|Occupant Classification System Component Failures Component internal failure;
B15DD9A|Occupant Classification System Component Failures Component or System Operating Conditions;
B15DE11|Belt Tension Sensor General Electrical Failures Circuit short to ground;
B15DE12|Belt Tension Sensor General Electrical Failures Circuit short to battery;
B15DE13|Belt Tension Sensor General Electrical Failures Circuit open;
B15DF49|Occupant Weight Sensor System Internal Failures Internal electronic failure;
B15DF54|Occupant Weight Sensor System Programming Failures Missing calibration;
B15DF83|Occupant Weight Sensor Bus Signal / Message Failures Value of signal protection calculation incorrect;
B15DF96|Occupant Weight Sensor Component Failures Component internal failure;
B15E762|Odometer Backup Data Algorithm Based Failures Signal compare failure;
B160711|High voltage battery 2 power supply disconnect deployment loop control  General Electrical Failures Circuit short to ground;
B160712|High voltage battery 2 power supply disconnect deployment loop control  General Electrical Failures Circuit short to battery;
B16071A|High voltage battery 2 power supply disconnect deployment loop control  General Electrical Failures Circuit resistance below threshold;
B16071B|High voltage battery 2 power supply disconnect deployment loop control  General Electrical Failures Circuit resistance above threshold;
B160764|High voltage battery 2 power supply disconnect deployment loop control  Algorithm Based Failures Signal plausibility failure;
B160795|High voltage battery 2 power supply disconnect deployment loop control  Component Failures Incorrect assembly;
B160811|High voltage battery 3 power supply disconnect deployment loop control  General Electrical Failures Circuit short to ground;
B160812|High voltage battery 3 power supply disconnect deployment loop control  General Electrical Failures Circuit short to battery;
B16081A|High voltage battery 3 power supply disconnect deployment loop control  General Electrical Failures Circuit resistance below threshold;
B16081B|High voltage battery 3 power supply disconnect deployment loop control  General Electrical Failures Circuit resistance above threshold;
B160864|High voltage battery 3 power supply disconnect deployment loop control  Algorithm Based Failures Signal plausibility failure;
B160895|High voltage battery 3 power supply disconnect deployment loop control  Component Failures Incorrect assembly;
B169B29|Pedestrian Protection Pressure Tube Sensor General Signal Failures Signal signal invalid;
B16B812|Driver Occupant Detection Sensor General Electrical Failures Circuit short to battery;
B16B864|Driver Occupant Detection Sensor Algorithm Based Failures Signal plausibility failure;
B16B912|Seat Belt Reminder Sensor Third Row Left General Electrical Failures Circuit short to battery;
B16B964|Seat Belt Reminder Sensor Third Row Left Algorithm Based Failures Signal plausibility failure;
B16BA12|Seat Belt Reminder Sensor Third Row Right General Electrical Failures Circuit short to battery;
B16BA64|Seat Belt Reminder Sensor Third Row Right Algorithm Based Failures Signal plausibility failure;
B1A5512|Crash Record Output General Electrical Failures Circuit short to battery;
B1A5514|Crash Record Output General Electrical Failures Circuit short to ground or open;
B1D7411|Passenger Airbag Cutoff Enable Switch General Electrical Failures Circuit short to ground;
B1D7412|Passenger Airbag Cutoff Enable Switch General Electrical Failures Circuit short to battery;
B1D7413|Passenger Airbag Cutoff Enable Switch General Electrical Failures Circuit open;
B1D741D|Passenger Airbag Cutoff Enable Switch General Electrical Failures Circuit current out of range;
B1D7495|Passenger Airbag Cutoff Enable Switch Component Failures Incorrect assembly;
B1D7511|Passenger Airbag Cutoff Disable Switch General Electrical Failures Circuit short to ground;
B1D7512|Passenger Airbag Cutoff Disable Switch General Electrical Failures Circuit short to battery;
B1D7513|Passenger Airbag Cutoff Disable Switch General Electrical Failures Circuit open;
B1D751D|Passenger Airbag Cutoff Disable Switch General Electrical Failures Circuit current out of range;
B1D7595|Passenger Airbag Cutoff Disable Switch Component Failures Incorrect assembly;
U006401|Propulsion CAN  General electrical failure;
U006488|Propulsion CAN Bus Signal / Message Failures Bus off;
U012A00|Lost Communication With Vehicle Dynamics Domain Master VDDM  ;
U014000|Lost Communication With Central Electronic Module CEM  ;
U122000|FlexRay Cluster startup error  ;
U130086|LIN Bus #1 Bus Signal / Message Failures Signal invalid;
U134083|Occupant Weight Sensor (OWS) Bus Signal / Message Failures Value of signal protection calculation incorrect;
U134087|Occupant Weight Sensor (OWS) Bus Signal / Message Failures Missing message;
U140582|Seat Module Driver (SMD) Bus Signal / Message Failures Alive / sequence counter incorrect / not updated;
U140682|Seat Module Passenger (SMP) Bus Signal / Message Failures Alive / sequence counter incorrect / not updated;
U200A14|Control Module Internal Power A General Electrical Failures Circuit short to ground or open;
U200B14|Control Module Internal Power B General Electrical Failures Circuit short to ground or open;
U210156|Control Module Configuration Incompatible System Programming Failures Invalid / incompatible configuration;
U230051|Central Configuration System Programming Failures Not programmed;
U230054|Central Configuration System Programming Failures Missing calibration;
U230055|Central Configuration System Programming Failures Not configured;
U230056|Central Configuration System Programming Failures Invalid / incompatible configuration;
U230057|Central Configuration System Programming Failures Invalid / Incompatible Software Component;
U2C3681|Invalid Data Received in Vehicle Speed Signal Bus Signal / Message Failures Invalid serial data received;
U2C8692|Invalid Data Received in RdyPostImpctBrkg Component Failures Performance or incorrect operation;
U2D3683|Corrupted Data Received in Vehicle Speed Signal Bus Signal / Message Failures Value of signal protection calculation incorrect;
U2D3D83|Corrupted Data Received in VehMtnStSafe Bus Signal / Message Failures Value of signal protection calculation incorrect;
U2D8A83|Corrupted Data Received in ObjThreat Bus Signal / Message Failures Value of signal protection calculation incorrect;
U2E0368|ECU Supply Voltage Too High  Algorithm Based Failures Event information;
U2E0468|ECU Supply Voltage Too Low Algorithm Based Failures Event information;
U300000|Control Module  ;
U300001|Control Module  General electrical failure;
U300002|Control Module  General signal failure;
U300004|Control Module  System Internal Failures;
U300041|Control Module System Internal Failures General checksum failure;
U300057|Control Module System Programming Failures Invalid / Incompatible Software Component;
U300097|Control Module Component Failures Component or system operation obstructed or blocked;
U300362|Supply Voltage Algorithm Based Failures Signal compare failure;
